INSERT INTO public.competitors (id,created_at,first_name,category,last_name,bib_number) VALUES
	 ('0e4a42ee-08ee-4f8a-a061-75250e36da4e','2023-03-16 12:33:16.757+08','Lorenzo','inter_m','Guidote','310'),
	 ('8212b8e0-0154-46c9-af2d-1d43337e2f8a','2023-03-16 12:33:16.757+08','Julio','inter_m','Abraham','317'),
	 ('2276562e-7efa-4050-8432-d6ec5ced3b91','2023-03-16 12:33:16.757+08','Caesar III','inter_m','Altarejos','320'),
	 ('20edfbd8-9953-4ac0-b523-a756bf183940','2023-03-16 12:33:16.757+08','Harlan Red','inter_m','Arias','303'),
	 ('61820b85-6acd-4327-b9e3-214336303b87','2023-03-16 12:33:16.757+08','Lytton','inter_m','Artiaga','315'),
	 ('91e4c472-5a35-459a-9537-0439c48ee48d','2023-03-16 12:33:16.757+08','Jaime','inter_m','Asturias','313'),
	 ('9d64e0b3-b15d-4a5b-99b7-7c4dce2dc9e7','2023-03-16 12:33:16.757+08','Forrest Kyle','inter_m','Buscato','308'),
	 ('2e5143ea-2410-44fa-b7eb-ee465318332f','2023-03-16 12:33:16.757+08','Boyet','inter_m','Caballero','314'),
	 ('86220b0e-0214-4a01-bfbf-9df42786c956','2023-03-16 12:33:16.757+08','Joseph Czar','inter_m','Corpus','316'),
	 ('593ef23d-d9b6-43ab-be65-7ff83bb8c2b5','2023-03-16 12:33:16.757+08','Jannuel Lauro','inter_m','Dizon','312');
INSERT INTO public.competitors (id,created_at,first_name,category,last_name,bib_number) VALUES
	 ('d0daf0f5-2c37-4aee-a7b0-1d36babc2e1b','2023-03-16 12:33:16.757+08','Serge','inter_m','Esguerra','302'),
	 ('183c72d3-1b60-47bb-8af0-4168cafc1fa5','2023-03-16 12:33:16.757+08','Martin','inter_m','Geron','304'),
	 ('374a8b48-46d7-4f6f-84d7-1b371ef7af8a','2023-03-16 12:33:16.757+08','Francisco Gerardo IV','inter_m','Joaquin','301'),
	 ('11d29f9a-0677-4e12-a6a4-1675bd87dae1','2023-03-16 12:33:16.757+08','John','inter_m','Kikuchi','323'),
	 ('bb1d82c2-625a-4f51-91f9-97fdff13e715','2023-03-16 12:33:16.757+08','Ivan','inter_m','Lagos','322'),
	 ('9d9f3876-7010-4102-bf49-0be79422a124','2023-03-16 12:33:16.757+08','Justin','inter_m','Lukban','324'),
	 ('65a43859-229a-4efa-af8d-9386c40df580','2023-03-16 12:33:16.757+08','Jose Luis','inter_m','Mascardo','306'),
	 ('1c536317-4f69-45cc-9f14-25a6fe6ff35e','2023-03-16 12:33:16.757+08','Isaac Emmanuel','inter_m','Medina','318'),
	 ('1795a54a-ba39-4e2b-9989-de6c6b09b9be','2023-03-16 12:33:16.757+08','Kyle','inter_m','Ordoña','311'),
	 ('b21e21ff-a9e3-4cf1-8b1f-edaa2dc7e941','2023-03-16 12:33:16.757+08','Brad Vincent','inter_m','Palarca','321');
INSERT INTO public.competitors (id,created_at,first_name,category,last_name,bib_number) VALUES
	 ('57faf4b3-5b92-4d8a-ad4a-bf241f7b80ad','2023-03-16 12:33:16.757+08','John Ralph','inter_m','Pancho','305'),
	 ('90be76b0-42df-43c3-a427-03f0bddb794c','2023-03-16 12:33:16.757+08','Keith','inter_m','Plastina','307'),
	 ('b251e2d7-f5cd-44e9-8a2e-2cec436447af','2023-03-16 12:33:16.757+08','Stephen','inter_m','Quinia','325'),
	 ('0d3e50b2-0682-49fb-a038-7ea86835d0c8','2023-03-16 12:33:16.757+08','Juan Gabriel','inter_m','Samonte','309'),
	 ('709a8c1b-b1c5-4d0c-8f3e-35613f669bb8','2023-03-20 19:17:35.135+08','Abraham','inter_m','Tan','326'),
	 ('46ea57f4-8949-440b-8501-1220f4a71952','2023-03-16 12:33:16.757+08','Josef','inter_m','Tolentino','319'),
	 ('621c8d21-b53b-4028-9a3f-f0b0aedfb160','2023-03-16 12:33:16.757+08','Abigail Christiane','inter_w','Arungayan','403'),
	 ('f4c0f72b-c938-453c-a05e-c3a78dfda1b6','2023-03-16 12:33:16.757+08','Angelica','inter_w','Camacho','405'),
	 ('8d33e7b6-023d-4dc5-bca1-043f2ece5983','2023-03-16 12:33:16.757+08','Michelle','inter_w','Cruz','402'),
	 ('816cd808-a7fd-4b98-8c52-2afee10a3b35','2023-03-16 12:33:16.757+08','Alexene','inter_w','Cruz-Herrera','407');
INSERT INTO public.competitors (id,created_at,first_name,category,last_name,bib_number) VALUES
	 ('6f690b68-4ad9-49ef-96ae-13e21d26c648','2023-03-16 12:33:16.757+08','Clana','inter_w','Fontaine','408'),
	 ('f04317eb-3bb4-4d89-9420-dbb919079607','2023-03-16 12:33:16.757+08','Soleil','inter_w','Ignacio','406'),
	 ('5388c1f3-2fff-407d-861c-13271e157157','2023-03-20 19:16:43.168+08','Angelia','inter_w','Orna','409'),
	 ('4962ae4d-8228-4844-8cb1-7c9a37de1840','2023-03-16 12:33:16.757+08','Anne Judiel','inter_w','Pagkalinawan','401'),
	 ('09d135b5-32a4-4fb5-adc6-772c329fec2c','2023-03-16 12:33:16.757+08','Alessandra Jelena','inter_w','Qui','404'),
	 ('97c3a768-850d-4ee0-8a43-e837db6b9da8','2023-03-16 12:33:16.757+08','Juan Miguel','open_m','Azupardo','121'),
	 ('e26eb562-06fa-4950-9072-78a00b3d673c','2023-03-16 12:33:16.757+08','Ronald','open_m','Banlaoi','125'),
	 ('1d8a0d8d-1432-4a70-8273-196ca3c59180','2023-03-16 12:33:16.757+08','Adrian Ponchai','open_m','Deetaisong','118'),
	 ('a7330676-235e-4f7a-9549-dbb184c9c12a','2023-03-16 12:33:16.757+08','Gerwin','open_m','Dimapilis','108'),
	 ('4e112930-ddfc-49e0-948a-81192403252a','2023-03-16 12:33:16.757+08','Jonathan','open_m','Feleo','124');
INSERT INTO public.competitors (id,created_at,first_name,category,last_name,bib_number) VALUES
	 ('ea269579-8a37-4241-8714-20c42c32a85d','2023-03-16 12:33:16.757+08','John Rafael','open_m','Garrido','106'),
	 ('2ee49f12-0a4f-4449-ab20-d325778568c0','2023-03-16 12:33:16.757+08','Vicente','open_m','Gengos','107'),
	 ('2bd0e3ff-30be-45e1-9bcc-8a6d86a43a59','2023-03-16 12:33:16.757+08','Mio','open_m','Gomez','122'),
	 ('d9c0479b-ed2a-4427-b02e-0055ea76dfeb','2023-03-16 12:33:16.757+08','Jethro','open_m','Hallazgo','127'),
	 ('a8768010-b59a-4be4-8b82-7f92762bcf4f','2023-03-16 12:33:16.757+08','Jhon Jhon Washington','open_m','Jusay','102'),
	 ('d806f47f-3d61-4366-bd89-00aad2e5fd48','2023-03-16 12:33:16.757+08','Paulo Nicole','open_m','Laxina','104'),
	 ('91e086a3-a118-48ac-8dcc-f79de2120949','2023-03-16 12:33:16.757+08','Zoren','open_m','Legaspi','119'),
	 ('aad0673c-4604-4150-a51e-b3c5263d5d10','2023-03-16 12:33:16.757+08','Eugenio','open_m','Lopez','116'),
	 ('defe977c-79b2-46d6-b556-8cf7a712d9ce','2023-03-16 12:33:16.757+08','Joseph Merlou','open_m','Magpantay','120'),
	 ('d0e8cf75-85dc-4eec-93c7-6e693b81eb20','2023-03-16 12:33:16.757+08','Iman Lorenzo','open_m','Mora','126');
INSERT INTO public.competitors (id,created_at,first_name,category,last_name,bib_number) VALUES
	 ('7aca58cd-4565-4f2d-ac5a-28252676b02d','2023-03-16 12:33:16.757+08','Kranz','open_m','Moreno','111'),
	 ('06886826-a6f0-487f-ac4d-e27a60231eeb','2023-03-16 12:33:16.757+08','Andrei','open_m','Perjis','114'),
	 ('4df4178c-9b0e-4da6-b791-f6e96eb0421a','2023-03-16 12:33:16.757+08','Mich Danielle','open_m','Pinili','123'),
	 ('8dc83e9d-f8bc-47fe-9a06-2f4720bcb019','2023-03-16 12:33:16.757+08','Andrew Carl','open_m','Robles','115'),
	 ('e8d9bdc1-c8be-4309-a626-c1eb30fd7b5d','2023-03-16 12:33:16.757+08','Emmanuelle','open_m','Salga','112'),
	 ('8b11dc9c-0d5c-419b-aeeb-50ff485a282e','2023-03-16 12:33:16.757+08','James Oliver','open_m','Sia','105'),
	 ('f5678ccf-c356-4801-a14c-e30b1e2c384b','2023-03-16 12:33:16.757+08','Jan Joseph','open_m','Suson','101'),
	 ('374994d9-062a-46dc-b2dd-e5fe1d29056d','2023-03-16 12:33:16.757+08','Paul Eli','open_m','Suson','103'),
	 ('456ae18c-b4ad-4c6a-95d6-20429ce0e38b','2023-03-16 12:33:16.757+08','Niño','open_m','Tabanao','110'),
	 ('a0989683-bc04-4de4-94cd-d4349dd430de','2023-03-16 12:33:16.757+08','Matthew Benjamin','open_m','Tabios','113');
INSERT INTO public.competitors (id,created_at,first_name,category,last_name,bib_number) VALUES
	 ('0dcc758d-823a-45e9-8f02-da4099fa2c9c','2023-03-16 12:33:16.757+08','Edric','open_m','Uy','117'),
	 ('3dda2893-50ab-4301-a055-d478f85a35aa','2023-03-16 12:33:16.757+08','John','open_m','Veloria','109'),
	 ('c10bbefe-4fa2-468a-9e35-7e93b114fabb','2023-03-16 12:33:16.757+08','Katrina','open_w','Abenojar','218'),
	 ('b82ad3b5-9d8e-4dde-8e9d-27f8667e6214','2023-03-16 12:33:16.757+08','Ananda','open_w','Abiad','207'),
	 ('58d468f4-c05d-44c4-a8c7-f0250a1298e8','2023-03-16 12:33:16.757+08','Sarah Angelica','open_w','Aquino','212'),
	 ('3fbda428-33b2-496e-b3c2-e9b4fbbcbb9e','2023-03-16 12:33:16.757+08','Antonina Isabel','open_w','Arungayan','210'),
	 ('18b44f96-a95b-4b72-b635-6d772acc4f25','2023-03-16 12:33:16.757+08','Arriane Trixia','open_w','Bartolome','209'),
	 ('fb8c77ff-c9d7-463a-bd66-2622f8acf791','2023-03-16 12:33:16.757+08','Mei','open_w','Benedicto','203'),
	 ('bd350573-5e32-4a42-bc87-349f67c20be5','2023-03-16 12:33:16.757+08','Jemima','open_w','Cabanlong','211'),
	 ('ec0d05fa-5d6c-4be8-a096-c434113e1ad1','2023-03-16 12:33:16.757+08','Glory Ann Carmel','open_w','Dizon','202');
INSERT INTO public.competitors (id,created_at,first_name,category,last_name,bib_number) VALUES
	 ('8f0ac98f-fa1b-4118-abe8-50e23c0cc645','2023-03-16 12:33:16.757+08','Megan','open_w','Francisco','201'),
	 ('1e00b4bf-8a03-4acf-870e-ea07a9c682ed','2023-03-16 12:33:16.757+08','Maria Angela','open_w','Lapid','216'),
	 ('3030d2b3-0edc-4fba-a261-ff2461297f18','2023-03-16 12:33:16.757+08','Andrelin','open_w','Mora','204'),
	 ('aa3464cd-0c68-4670-8096-3fe169c78ad7','2023-03-16 12:33:16.757+08','Liana Nicole','open_w','Mora','214'),
	 ('52086a21-f7c7-44b7-859e-559fec4d1eab','2023-03-16 12:33:16.757+08','Saihlene','open_w','Morata','215'),
	 ('67f3cda0-16e6-4769-a624-fc155eebd6bf','2023-03-16 12:33:16.757+08','Jamie','open_w','Ng','217'),
	 ('1c66c1ad-d31f-4525-9472-27ec83010a83','2023-03-16 12:33:16.757+08','Kathrine Junalyn','open_w','Reyes','206'),
	 ('f09eb518-ab79-449e-86be-bf7764aab234','2023-03-16 12:33:16.757+08','Rochelle','open_w','Suarez','205'),
	 ('0e55a646-5bf8-483e-ba7a-7409d1385c29','2023-03-16 12:33:16.757+08','Mhick','open_w','Tejares','208'),
	 ('b7cb6333-1f04-473e-ae26-481a32d2a39a','2023-03-16 12:33:16.757+08','Praj','open_w','dela Cruz','213');
INSERT INTO public.competitors (id,created_at,first_name,category,last_name,bib_number) VALUES
	 ('80327356-7f55-47d3-8acc-2e024c5260c2','2023-03-22 10:18:58.577296+08','Naod','inter_m','Negash','327');
INSERT INTO public.startlists (created_at,competitor_id,category,"order",round) VALUES
	 ('2023-03-20 23:16:45.568077+08','d0e8cf75-85dc-4eec-93c7-6e693b81eb20','open_m',1,'qualis'),
	 ('2023-03-20 23:16:45.568077+08','3dda2893-50ab-4301-a055-d478f85a35aa','open_m',2,'qualis'),
	 ('2023-03-20 23:16:45.568077+08','8dc83e9d-f8bc-47fe-9a06-2f4720bcb019','open_m',3,'qualis'),
	 ('2023-03-20 23:16:45.568077+08','4df4178c-9b0e-4da6-b791-f6e96eb0421a','open_m',4,'qualis'),
	 ('2023-03-20 23:16:45.568077+08','e26eb562-06fa-4950-9072-78a00b3d673c','open_m',5,'qualis'),
	 ('2023-03-20 23:16:45.568077+08','7aca58cd-4565-4f2d-ac5a-28252676b02d','open_m',6,'qualis'),
	 ('2023-03-20 23:16:45.568077+08','1d8a0d8d-1432-4a70-8273-196ca3c59180','open_m',7,'qualis'),
	 ('2023-03-20 23:16:45.568077+08','a0989683-bc04-4de4-94cd-d4349dd430de','open_m',8,'qualis'),
	 ('2023-03-20 23:16:45.568077+08','d806f47f-3d61-4366-bd89-00aad2e5fd48','open_m',9,'qualis'),
	 ('2023-03-20 23:16:45.568077+08','0dcc758d-823a-45e9-8f02-da4099fa2c9c','open_m',10,'qualis');
INSERT INTO public.startlists (created_at,competitor_id,category,"order",round) VALUES
	 ('2023-03-20 23:16:45.568077+08','2bd0e3ff-30be-45e1-9bcc-8a6d86a43a59','open_m',11,'qualis'),
	 ('2023-03-20 23:16:45.568077+08','06886826-a6f0-487f-ac4d-e27a60231eeb','open_m',12,'qualis'),
	 ('2023-03-20 23:16:45.568077+08','2ee49f12-0a4f-4449-ab20-d325778568c0','open_m',13,'qualis'),
	 ('2023-03-20 23:16:45.568077+08','defe977c-79b2-46d6-b556-8cf7a712d9ce','open_m',14,'qualis'),
	 ('2023-03-20 23:16:45.568077+08','a8768010-b59a-4be4-8b82-7f92762bcf4f','open_m',15,'qualis'),
	 ('2023-03-20 23:16:45.568077+08','4e112930-ddfc-49e0-948a-81192403252a','open_m',16,'qualis'),
	 ('2023-03-20 23:16:45.568077+08','8b11dc9c-0d5c-419b-aeeb-50ff485a282e','open_m',17,'qualis'),
	 ('2023-03-20 23:16:45.568077+08','f5678ccf-c356-4801-a14c-e30b1e2c384b','open_m',18,'qualis'),
	 ('2023-03-20 23:16:45.568077+08','91e086a3-a118-48ac-8dcc-f79de2120949','open_m',19,'qualis'),
	 ('2023-03-20 23:16:45.568077+08','374994d9-062a-46dc-b2dd-e5fe1d29056d','open_m',20,'qualis');
INSERT INTO public.startlists (created_at,competitor_id,category,"order",round) VALUES
	 ('2023-03-20 23:16:45.568077+08','aad0673c-4604-4150-a51e-b3c5263d5d10','open_m',21,'qualis'),
	 ('2023-03-20 23:16:45.568077+08','e8d9bdc1-c8be-4309-a626-c1eb30fd7b5d','open_m',22,'qualis'),
	 ('2023-03-20 23:16:45.568077+08','456ae18c-b4ad-4c6a-95d6-20429ce0e38b','open_m',23,'qualis'),
	 ('2023-03-20 23:16:45.568077+08','d9c0479b-ed2a-4427-b02e-0055ea76dfeb','open_m',24,'qualis'),
	 ('2023-03-20 23:16:45.568077+08','ea269579-8a37-4241-8714-20c42c32a85d','open_m',25,'qualis'),
	 ('2023-03-20 23:16:45.568077+08','a7330676-235e-4f7a-9549-dbb184c9c12a','open_m',26,'qualis'),
	 ('2023-03-20 23:16:45.568077+08','97c3a768-850d-4ee0-8a43-e837db6b9da8','open_m',27,'qualis'),
	 ('2023-03-20 23:16:45.568077+08','f09eb518-ab79-449e-86be-bf7764aab234','open_w',1,'qualis'),
	 ('2023-03-20 23:16:45.568077+08','0e55a646-5bf8-483e-ba7a-7409d1385c29','open_w',2,'qualis'),
	 ('2023-03-20 23:16:45.568077+08','aa3464cd-0c68-4670-8096-3fe169c78ad7','open_w',3,'qualis');
INSERT INTO public.startlists (created_at,competitor_id,category,"order",round) VALUES
	 ('2023-03-20 23:16:45.568077+08','58d468f4-c05d-44c4-a8c7-f0250a1298e8','open_w',4,'qualis'),
	 ('2023-03-20 23:16:45.568077+08','3030d2b3-0edc-4fba-a261-ff2461297f18','open_w',5,'qualis'),
	 ('2023-03-20 23:16:45.568077+08','bd350573-5e32-4a42-bc87-349f67c20be5','open_w',6,'qualis'),
	 ('2023-03-20 23:16:45.568077+08','67f3cda0-16e6-4769-a624-fc155eebd6bf','open_w',7,'qualis'),
	 ('2023-03-20 23:16:45.568077+08','8f0ac98f-fa1b-4118-abe8-50e23c0cc645','open_w',8,'qualis'),
	 ('2023-03-20 23:16:45.568077+08','52086a21-f7c7-44b7-859e-559fec4d1eab','open_w',9,'qualis'),
	 ('2023-03-20 23:16:45.568077+08','fb8c77ff-c9d7-463a-bd66-2622f8acf791','open_w',10,'qualis'),
	 ('2023-03-20 23:16:45.568077+08','1e00b4bf-8a03-4acf-870e-ea07a9c682ed','open_w',11,'qualis'),
	 ('2023-03-20 23:16:45.568077+08','1c66c1ad-d31f-4525-9472-27ec83010a83','open_w',12,'qualis'),
	 ('2023-03-20 23:16:45.568077+08','c10bbefe-4fa2-468a-9e35-7e93b114fabb','open_w',13,'qualis');
INSERT INTO public.startlists (created_at,competitor_id,category,"order",round) VALUES
	 ('2023-03-20 23:16:45.568077+08','3fbda428-33b2-496e-b3c2-e9b4fbbcbb9e','open_w',14,'qualis'),
	 ('2023-03-20 23:16:45.568077+08','b82ad3b5-9d8e-4dde-8e9d-27f8667e6214','open_w',15,'qualis'),
	 ('2023-03-20 23:16:45.568077+08','18b44f96-a95b-4b72-b635-6d772acc4f25','open_w',16,'qualis'),
	 ('2023-03-20 23:16:45.568077+08','b7cb6333-1f04-473e-ae26-481a32d2a39a','open_w',17,'qualis'),
	 ('2023-03-20 23:16:45.568077+08','ec0d05fa-5d6c-4be8-a096-c434113e1ad1','open_w',18,'qualis');
INSERT INTO public.problems (id,created_at,wall,color,round,category) VALUES
	 ('8150991e-add6-4586-9d75-58cce396fc66','2023-03-20 21:03:38.461016+08','M1',NULL,'qualis','inter_m'),
	 ('6a3abe98-782d-49f3-8497-9d529a09f92a','2023-03-20 21:03:38.461016+08','M2',NULL,'qualis','inter_m'),
	 ('5d5f4e98-8d8d-4c05-b619-4a5ffa0db569','2023-03-20 21:03:38.461016+08','M3',NULL,'qualis','inter_m'),
	 ('55d7c7ba-5ddf-4bda-b4c6-0cb480cb7ba2','2023-03-20 21:03:38.461016+08','M4',NULL,'qualis','inter_m'),
	 ('164b9085-c14c-457e-b4e8-0ddb3ab04ad1','2023-03-20 21:03:38.461016+08','W1',NULL,'qualis','inter_w'),
	 ('508e35cd-ae5c-4a7f-a060-27e923623a7b','2023-03-20 21:03:38.461016+08','W2',NULL,'qualis','inter_w'),
	 ('3421a646-ed1e-4697-8fed-17899913f07e','2023-03-20 21:03:38.461016+08','W3',NULL,'qualis','inter_w'),
	 ('86fbcda3-2b77-4b0b-8612-b7c61e021936','2023-03-20 21:03:38.461016+08','W4',NULL,'qualis','inter_w'),
	 ('5c2de505-80b9-49da-b993-0df23d64087e','2023-03-20 21:03:38.461016+08','M1',NULL,'qualis','open_m'),
	 ('c453b250-b9cf-471c-816a-a23453268f86','2023-03-20 21:03:38.461016+08','M2',NULL,'qualis','open_m');
INSERT INTO public.problems (id,created_at,wall,color,round,category) VALUES
	 ('ad0dc737-9948-4f28-9b00-0f3135328469','2023-03-20 21:03:38.461016+08','M3',NULL,'qualis','open_m'),
	 ('23f9b7f5-2611-4044-8e97-9260c5f360bc','2023-03-20 21:03:38.461016+08','M4',NULL,'qualis','open_m'),
	 ('f89c8691-8d47-4abe-b14b-3c1bdaaa1053','2023-03-20 21:03:38.461016+08','W1',NULL,'qualis','open_w'),
	 ('d5e80281-c0d2-4aaa-9eaa-c10479984c41','2023-03-20 21:03:38.461016+08','W2',NULL,'qualis','open_w'),
	 ('23f58924-b7eb-4dca-98b5-7ee1a903e89a','2023-03-20 21:03:38.461016+08','W3',NULL,'qualis','open_w'),
	 ('4b2911db-d9c2-4871-8104-09097f28a591','2023-03-20 21:03:38.461016+08','W4',NULL,'qualis','open_w'),
	 ('91358b45-120b-4cc6-9684-69e00778a814','2023-03-20 21:03:38.461016+08','M1',NULL,'finals','inter_m'),
	 ('0aec33fa-6b1e-49de-aa9a-73f21312b31b','2023-03-20 21:03:38.461016+08','M2',NULL,'finals','inter_m'),
	 ('53eaaf87-a640-472b-933c-022414078f72','2023-03-20 21:03:38.461016+08','M3',NULL,'finals','inter_m'),
	 ('8667db7d-119d-40e0-8f3a-1c7b128e9a60','2023-03-20 21:03:38.461016+08','M4',NULL,'finals','inter_m');
INSERT INTO public.problems (id,created_at,wall,color,round,category) VALUES
	 ('91cdb6d1-bcda-4f5f-8184-1bf703eabaec','2023-03-20 21:03:38.461016+08','W1',NULL,'finals','inter_w'),
	 ('03b69d4b-b191-4575-b727-37b3cd91cedc','2023-03-20 21:03:38.461016+08','W2',NULL,'finals','inter_w'),
	 ('9427a8ec-17db-45fb-b961-ded3cfea9474','2023-03-20 21:03:38.461016+08','W3',NULL,'finals','inter_w'),
	 ('b811a6a5-3c2c-4580-b2c0-3e74b6c25aea','2023-03-20 21:03:38.461016+08','W4',NULL,'finals','inter_w'),
	 ('b067ab83-d8bb-48af-bab4-526177ac159e','2023-03-20 21:03:38.461016+08','M1',NULL,'finals','open_m'),
	 ('92ce2f17-c851-4bbd-bdaa-61830a283748','2023-03-20 21:03:38.461016+08','M2',NULL,'finals','open_m'),
	 ('811e0618-aac9-4b1c-8d62-fc374216d6e0','2023-03-20 21:03:38.461016+08','M3',NULL,'finals','open_m'),
	 ('2cf9162b-8ddc-448f-abdf-282a9e54991c','2023-03-20 21:03:38.461016+08','M4',NULL,'finals','open_m'),
	 ('5401768a-e9c0-4b1c-a61e-4d9318067373','2023-03-20 21:03:38.461016+08','W1',NULL,'finals','open_w'),
	 ('0793ed8e-90a4-4b55-892e-67dbb7b32afd','2023-03-20 21:03:38.461016+08','W2',NULL,'finals','open_w');
INSERT INTO public.problems (id,created_at,wall,color,round,category) VALUES
	 ('839982f0-0c46-4509-b90f-d37912197461','2023-03-20 21:03:38.461016+08','W3',NULL,'finals','open_w'),
	 ('ecfda68c-ebf2-48a5-9af1-519e0f1edbd4','2023-03-20 21:03:38.461016+08','W4',NULL,'finals','open_w'),
	 ('d5ee8076-049d-4083-8f00-de235c3e10c3','2023-03-22 10:33:14.370205+08','M1',NULL,'semis','open_m'),
	 ('5e21ff06-db4c-4c97-9f8c-7b451482a4cd','2023-03-22 10:33:22.487965+08','M2',NULL,'semis','open_m'),
	 ('299337f8-3177-412b-ba0c-85bb1f944fb4','2023-03-22 10:33:34.745855+08','M3',NULL,'semis','open_m'),
	 ('e33d608c-23c4-45bf-8e75-25d011a00ad3','2023-03-22 10:33:45.21208+08','M4',NULL,'semis','open_m'),
	 ('138aeb65-cade-4b5d-9102-4f695ee94bf1','2023-03-23 16:27:10.683714+08','M5',NULL,'qualis','inter_m'),
	 ('d5f79846-32db-4aa1-abd8-c0f6114b09b8','2023-03-23 16:27:10.683714+08','M6',NULL,'qualis','inter_m'),
	 ('9a8a9ca5-bab8-4b57-814f-251d9c974a0e','2023-03-23 16:27:10.683714+08','M7',NULL,'qualis','inter_m'),
	 ('5dad334b-5c89-4d34-be5c-5d2b840eee78','2023-03-23 16:27:10.683714+08','M8',NULL,'qualis','inter_m');
INSERT INTO public.problems (id,created_at,wall,color,round,category) VALUES
	 ('2509dc35-b042-4fcf-adca-2f2b9860fc37','2023-03-23 16:27:10.683714+08','W5',NULL,'qualis','inter_w'),
	 ('a3555add-6524-4b2b-9416-4657901aeec2','2023-03-23 16:27:10.683714+08','W6',NULL,'qualis','inter_w'),
	 ('ef03004c-dfe0-4a1f-beeb-1993a1cd6fe5','2023-03-23 16:27:10.683714+08','W7',NULL,'qualis','inter_w'),
	 ('9627ef10-2112-42c4-b89b-ef9a7b0c1c71','2023-03-23 16:27:10.683714+08','W8',NULL,'qualis','inter_w'),
	 ('da75cf46-f008-4139-8b4d-ce86727262b3','2023-03-23 16:27:10.683714+08','M5',NULL,'qualis','open_m'),
	 ('254fb06d-329e-4e08-ae04-2af624e22e4d','2023-03-23 16:27:10.683714+08','W5',NULL,'qualis','open_w');
